USE `cinema_kiosk`;

-- ---------------------------------------------------------
-- 데이터 모두 삭제
-- ---------------------------------------------------------
# SET FOREIGN_KEY_CHECKS = 0;
# TRUNCATE TABLE `admin`;
# TRUNCATE TABLE `member`;
# TRUNCATE TABLE `seat_policy`;
# TRUNCATE TABLE `bonus_policy`;
# TRUNCATE TABLE `movie`;
# TRUNCATE TABLE `discount_policy`;
# TRUNCATE TABLE `coupon`;
# TRUNCATE TABLE `theater`;
# TRUNCATE TABLE `schedule`;
# TRUNCATE TABLE `statistics`;
# TRUNCATE TABLE `reservation_details`;
# TRUNCATE TABLE `reservation_seat`;
# TRUNCATE TABLE `payment_details`;
# TRUNCATE TABLE `point_history`;
# SET FOREIGN_KEY_CHECKS = 1;


-- ---------------------------------------------------------
-- 데이터 삽입 시작
-- ---------------------------------------------------------

-- 1. 관리자 (admin)
INSERT INTO `admin` (`login_id`, `password`, `name`, `admin_phone`, `level`, `create_at`) VALUES
                                                                                              ('admin_master', '4444', '김관리', '010-0000-0000', 0, '2026-01-01 00:00:00'),
                                                                                              ('staff_01', '4444', '이알바', '010-0000-0001', 1, '2026-02-01 10:00:00'),
                                                                                              ('staff_02', '4444', '박지민', '010-0000-0002', 1, '2026-02-05 13:00:00'),
                                                                                              ('staff_03', '4444', '최영수', '010-0000-0003', 1, '2026-03-01 09:00:00'),
                                                                                              ('staff_04', '4444', '정민지', '010-0000-0004', 1, '2026-03-10 14:00:00');

-- 2. 회원 (member) - 20명
INSERT INTO `member` (`phone`, `point`, `create_at`) VALUES
                                                          ('010-1000-0001', 5000, '2026-01-01 12:00:00'), ('010-1000-0002', 1200, '2026-01-05 15:30:00'),
                                                          ('010-1000-0003', 0, '2026-01-10 10:00:00'), ('010-1000-0004', 8500, '2026-01-15 18:00:00'),
                                                          ('010-1000-0005', 300, '2026-01-20 09:15:00'), ('010-1000-0006', 4200, '2026-01-25 21:45:00'),
                                                          ('010-1000-0007', 100, '2026-02-01 11:20:00'), ('010-1000-0008', 2500, '2026-02-05 14:10:00'),
                                                          ('010-1000-0009', 0, '2026-02-10 16:55:00'), ('010-1000-0010', 9800, '2026-02-15 13:40:00'),
                                                          ('010-1000-0011', 500, '2026-02-20 19:30:00'), ('010-1000-0012', 3300, '2026-02-25 22:00:00'),
                                                          ('010-1000-0013', 0, '2026-03-01 10:05:00'), ('010-1000-0014', 1500, '2026-03-05 11:50:00'),
                                                          ('010-1000-0015', 7200, '2026-03-10 15:25:00'), ('010-1000-0016', 0, '2026-03-15 17:10:00'),
                                                          ('010-1000-0017', 2100, '2026-03-20 20:00:00'), ('010-1000-0018', 4500, '2026-03-22 09:30:00'),
                                                          ('010-1000-0019', 0, '2026-03-25 14:40:00'), ('010-1000-0020', 12000, '2026-03-28 16:00:00');

-- 3. 좌석 정책 (seat_policy)
INSERT INTO `seat_policy` (`policy_id`, `name`, `cost`) VALUES
                                                            (1, 'Economy', 10000), (2, 'Standard', 13000), (3, 'Premium', 16000);

-- 4. 적립 정책 (bonus_policy)
INSERT INTO `bonus_policy` (`policy_name`, `give_value`, `start_at`, `end_at`, `activation`) VALUES
                                                                                                 ('기본 적립', 3, '2026-01-01 00:00:00', '2026-12-31 23:59:59', TRUE),
                                                                                                 ('오픈 이벤트', 10, '2026-03-01 00:00:00', '2026-03-31 23:59:59', TRUE),
                                                                                                 ('주말 특급', 5, '2026-03-01 00:00:00', '2026-05-31 23:59:59', TRUE);

-- 5. 영화 (movie) - JPA 관람등급 적용
INSERT INTO `movie` (`title`, `genre`, `rating`, `runtime`, `director`, `actors`, `description`, `start_at`, `end_at`, `create_at`) VALUES
                                                                                                                                        ('데이터 로그', 'SF', '12', 135, '김코드', '자바, 파이썬', 'AI의 역습을 막아라.', '2026-03-01', '2026-05-30', '2026-02-20'),
                                                                                                                                        ('스프링 브리즈', '로맨스', 'ALL', 110, '이빈', '최의존, 박주입', '컨테이너 속의 사랑.', '2026-03-10', '2026-04-15', '2026-03-01'),
                                                                                                                                        ('SQL 인젝션', '스릴러', '15', 120, '안전제일', '박쿼리, 이조인', '해커와의 사투.', '2026-03-15', '2026-05-15', '2026-03-05'),
                                                                                                                                        ('데드락', '공포', '19', 105, '최무한', '나뮤텍스, 김세마', '빠져나올 수 없는 방.', '2026-03-20', '2026-05-20', '2026-03-10'),
                                                                                                                                        ('가비지 컬렉터', '드라마', 'ALL', 95, '정메모리', '강참조, 이널', '불필요한 기억을 지웁니다.', '2026-03-25', '2026-04-30', '2026-03-15');

-- 6. 할인 정책 (discount_policy)
INSERT INTO `discount_policy` (`policy_name`, `discount_type`, `discount_value`, `condition_type`, `start_at`, `end_at`, `activation`) VALUES
                                                                                                                                           ('조조 할인', 'WON', 3000, 'TIME', '2026-01-01 00:00:00', '2026-12-31 23:59:59', TRUE),
                                                                                                                                           ('학생 할인 15%', 'RATIO', 15, 'AGE', '2026-01-01 00:00:00', '2026-12-31 23:59:59', TRUE),
                                                                                                                                           ('전공자 우대', 'WON', 2000, 'JOB', '2026-03-01 00:00:00', '2026-12-31 23:59:59', TRUE),
                                                                                                                                           ('웰컴 쿠폰', 'WON', 5000, 'COUPON', '2026-01-01 00:00:00', '2026-12-31 23:59:59', TRUE);

-- 7. 쿠폰 (coupon) - VARCHAR(12) 제약 준수 (12자리)
INSERT INTO `coupon` (`coupon_num`, `policy_id`, `status`) VALUES
                                                               ('CPN-2603-001', 4, TRUE), ('CPN-2603-002', 4, TRUE), ('CPN-2603-003', 4, TRUE),
                                                               ('CPN-2603-004', 4, FALSE), ('CPN-2603-005', 4, TRUE), ('CPN-2603-006', 4, FALSE),
                                                               ('CPN-2603-007', 4, TRUE), ('CPN-2603-008', 4, TRUE), ('CPN-2603-009', 4, FALSE),
                                                               ('CPN-2603-010', 4, TRUE), ('CPN-2603-011', 4, TRUE), ('CPN-2603-012', 4, TRUE);

-- 8. 상영관 (theater)
INSERT INTO `theater` (`policy_id`, `cleanup_time`) VALUES (1, 15), (2, 20), (2, 20), (3, 30), (3, 30);

-- 9. 상영 스케줄 (schedule)
INSERT INTO `schedule` (`no`, `movie_id`, `start_at`, `end_at`) VALUES
                                                                    (1, 1, '2026-03-29 09:00:00', '2026-03-29 11:15:00'), (2, 2, '2026-03-29 09:30:00', '2026-03-29 11:20:00'),
                                                                    (3, 3, '2026-03-29 10:00:00', '2026-03-29 12:00:00'), (4, 4, '2026-03-29 11:00:00', '2026-03-29 12:45:00'),
                                                                    (5, 5, '2026-03-29 12:00:00', '2026-03-29 13:35:00'), (1, 1, '2026-03-29 13:00:00', '2026-03-29 15:15:00'),
                                                                    (2, 3, '2026-03-30 09:00:00', '2026-03-30 11:00:00'), (3, 5, '2026-03-30 10:00:00', '2026-03-30 11:35:00');

-- 10. 통계 (statistics) - 요일 풀네임 적용
INSERT INTO `statistics` (`schedule_id`, `day`, `revenue`, `customer_count`, `date`) VALUES
                                                                                         (1, 'SUNDAY', 150000, 15, '2026-03-29'), (2, 'SUNDAY', 120000, 10, '2026-03-29'),
                                                                                         (3, 'SUNDAY', 200000, 18, '2026-03-29'), (7, 'MONDAY', 80000, 8, '2026-03-30'),
                                                                                         (8, 'MONDAY', 110000, 10, '2026-03-30');

-- 11. 예매 내역 (reservation_details)
INSERT INTO `reservation_details` (`id`, `schedule_id`, `phone`, `create_at`) VALUES
                                                                                  ('res-260329-001', 1, '010-1000-0001', '2026-03-28 10:00:00'),
                                                                                  ('res-260329-002', 1, '010-1000-0002', '2026-03-28 10:10:00'),
                                                                                  ('res-260329-003', 2, NULL, '2026-03-28 11:00:00'),
                                                                                  ('res-260329-004', 3, '010-1000-0004', '2026-03-28 12:00:00'),
                                                                                  ('res-260329-005', 4, '010-1000-0005', '2026-03-28 13:00:00');

-- 12. 예매 좌석 (reservation_seat)
INSERT INTO `reservation_seat` (`reservation_id`, `seat_number`) VALUES
                                                                     ('res-260329-001', 'A-1'), ('res-260329-001', 'A-2'),
                                                                     ('res-260329-002', 'C-10'), ('res-260329-003', 'G-1'),
                                                                     ('res-260329-004', 'D-5'), ('res-260329-005', 'F-12');

-- 13. 결제 내역 (payment_details) - 수정된 쿠폰 번호 매칭
INSERT INTO `payment_details` (`id`, `reservation_id`, `bonus_policy_id`, `coupon_num`, `cost`, `create_at`, `use_point`, `status`) VALUES
                                                                                                                                        ('pay-260329-001', 'res-260329-001', 1, 'CPN-2603-001', 15000, '2026-03-28 10:05:00', 0, 'PAY'),
                                                                                                                                        ('pay-260329-002', 'res-260329-002', 1, NULL, 13000, '2026-03-28 10:15:00', 500, 'PAY'),
                                                                                                                                        ('pay-260329-003', 'res-260329-003', NULL, NULL, 30000, '2026-03-28 11:05:00', 0, 'PAY'),
                                                                                                                                        ('pay-260329-004', 'res-260329-004', 1, 'CPN-2603-002', 11000, '2026-03-28 12:05:00', 0, 'PAY');

-- 14. 포인트 내역 (point_history)
INSERT INTO `point_history` (`payment_id`, `phone`, `type`, `amount_point`, `create_at`) VALUES
                                                                                             ('pay-260329-001', '010-1000-0001', 'EARN', 450, '2026-03-28 10:05:00'),
                                                                                             ('pay-260329-002', '010-1000-0002', 'USE', 500, '2026-03-28 10:15:00'),
                                                                                             ('pay-260329-002', '010-1000-0002', 'EARN', 375, '2026-03-28 10:15:00');