USE `cinema_kiosk`;

-- ############################################################
-- 초기화 (안전한 재실행을 위해)
-- ############################################################
# SET FOREIGN_KEY_CHECKS = 0;
# TRUNCATE TABLE `admin`; TRUNCATE TABLE `member`; TRUNCATE TABLE `seat_policy`;
# TRUNCATE TABLE `bonus_policy`; TRUNCATE TABLE `movie`; TRUNCATE TABLE `discount_policy`;
# TRUNCATE TABLE `coupon`; TRUNCATE TABLE `theater`; TRUNCATE TABLE `schedule`;
# TRUNCATE TABLE `statistics`; TRUNCATE TABLE `reservation_details`;
# TRUNCATE TABLE `reservation_seat`; TRUNCATE TABLE `payment_details`;
# TRUNCATE TABLE `point_history`;
# SET FOREIGN_KEY_CHECKS = 1;

-- ############################################################
-- 1. 관리자 및 회원 (데이터 보강)
-- ############################################################
INSERT INTO `admin` (`login_id`, `password`, `name`, `admin_phone`, `level`, `create_at`) VALUES
                                                                                              ('admin_master', '4444', '김관리', '010-0000-0000', 0, '2026-01-01 00:00:00'),
                                                                                              ('staff_01', '4444', '이알바', '010-0000-0001', 1, '2026-02-01 10:00:00'),
                                                                                              ('staff_02', '4444', '박지민', '010-0000-0002', 1, '2026-02-05 13:00:00');

INSERT INTO `member` (`phone`, `point`, `create_at`) VALUES
                                                         ('010-1000-0001', 5000, '2026-01-01 12:00:00'), ('010-1000-0002', 1200, '2026-01-05 15:30:00'),
                                                         ('010-1000-0003', 0, '2026-01-10 10:00:00'), ('010-1000-0004', 8500, '2026-01-15 18:00:00'),
                                                         ('010-1000-0005', 300, '2026-01-20 09:15:00'), ('010-1000-0006', 4200, '2026-01-25 21:45:00'),
                                                         ('010-1000-0007', 100, '2026-02-01 11:20:00'), ('010-1000-0020', 12000, '2026-03-28 16:00:00');

-- ############################################################
-- 2. 정책 및 영화 (ID 고정)
-- ############################################################
INSERT INTO `seat_policy` (`policy_id`, `name`, `cost`) VALUES
                                                            (1, 'Economy', 10000), (2, 'Standard', 13000), (3, 'Premium', 16000);

INSERT INTO `bonus_policy` (`id`, `policy_name`, `give_value`, `start_at`, `end_at`, `activation`) VALUES
                                                                                                       (1, '기본 적립', 3, '2026-01-01 00:00:00', '2026-12-31 23:59:59', TRUE),
                                                                                                       (2, '오픈 이벤트', 10, '2026-03-01 00:00:00', '2026-03-31 23:59:59', TRUE);

INSERT INTO `discount_policy` (`id`, `policy_name`, `discount_type`, `discount_value`, `condition_type`, `start_at`, `end_at`, `activation`) VALUES
                                                                                                                                                 (1, '조조 할인', 'WON', 3000, 'TIME', '2026-01-01 00:00:00', '2026-12-31 23:59:59', TRUE),
                                                                                                                                                 (4, '웰컴 쿠폰', 'WON', 5000, 'COUPON', '2026-01-01 00:00:00', '2026-12-31 23:59:59', TRUE);

INSERT INTO `movie` (`movie_id`, `title`, `genre`, `rating`, `runtime`, `director`, `actors`, `description`, `start_at`, `end_at`, `create_at`) VALUES
                                                                                                                                                    (1, '데이터 로그', 'SF', '12', 135, '김코드', '자바, 파이썬', 'AI의 역습...', '2026-03-01', '2026-05-30', '2026-02-20'),
                                                                                                                                                    (2, '스프링 브리즈', '로맨스', 'ALL', 110, '이빈', '최의존', '컨테이너 사랑...', '2026-03-10', '2026-04-15', '2026-03-01'),
                                                                                                                                                    (3, 'SQL 인젝션', '스릴러', '15', 120, '안전제일', '박쿼리', '해커 사투...', '2026-03-15', '2026-05-15', '2026-03-05');

-- ############################################################
-- 3. 쿠폰 및 상영관
-- ############################################################
INSERT INTO `coupon` (`coupon_num`, `policy_id`, `status`) VALUES
                                                               ('CPN-2603-001', 4, TRUE), ('CPN-2603-002', 4, TRUE), ('CPN-2603-003', 4, TRUE),
                                                               ('CPN-2603-004', 4, FALSE), ('CPN-2603-005', 4, TRUE);

INSERT INTO `theater` (`no`, `policy_id`, `cleanup_time`) VALUES (1, 1, 15), (2, 2, 20), (3, 3, 30);

-- ############################################################
-- 4. 상영 스케줄 (schedule) - expired 포함 (3배 확장)
-- 오늘 날짜(2026-03-31) 기준 과거는 TRUE, 미래는 FALSE
-- ############################################################
INSERT INTO `schedule` (`id`, `no`, `movie_id`, `start_at`, `end_at`, `expired`) VALUES
                                                                                     (1, 1, 1, '2026-03-25 09:00:00', '2026-03-25 11:15:00', TRUE),
                                                                                     (2, 2, 2, '2026-03-26 10:00:00', '2026-03-26 11:50:00', TRUE),
                                                                                     (3, 3, 3, '2026-03-27 13:00:00', '2026-03-27 15:00:00', TRUE),
                                                                                     (4, 1, 1, '2026-03-28 15:00:00', '2026-03-28 17:15:00', TRUE),
                                                                                     (5, 2, 2, '2026-03-29 18:00:00', '2026-03-29 19:50:00', TRUE),
                                                                                     (6, 3, 3, '2026-03-30 20:00:00', '2026-03-30 22:00:00', TRUE),
                                                                                     (7, 1, 2, '2026-03-31 09:00:00', '2026-03-31 10:50:00', TRUE),  -- 오늘 오전(종료)
                                                                                     (8, 2, 1, '2026-03-31 21:00:00', '2026-03-31 23:15:00', FALSE), -- 오늘 밤(예정)
                                                                                     (9, 3, 3, '2026-04-01 10:00:00', '2026-04-01 12:00:00', FALSE), -- 내일
                                                                                     (10, 1, 1, '2026-04-01 14:00:00', '2026-04-01 16:15:00', FALSE),
                                                                                     (11, 2, 2, '2026-04-02 11:00:00', '2026-04-02 12:50:00', FALSE),
                                                                                     (12, 3, 3, '2026-04-02 16:00:00', '2026-04-02 18:00:00', FALSE);

-- ############################################################
-- 5. 결제 및 예매 데이터 (연동 완료)
-- ############################################################
INSERT INTO `reservation_details` (`id`, `schedule_id`, `phone`, `create_at`) VALUES
                                                                                  ('res-벌크-001', 1, '010-1000-0001', '2026-03-24 10:00:00'),
                                                                                  ('res-벌크-002', 7, '010-1000-0020', '2026-03-30 15:00:00'),
                                                                                  ('res-벌크-003', 8, '010-1000-0004', '2026-03-31 09:00:00');

INSERT INTO `reservation_seat` (`reservation_id`, `seat_number`) VALUES
                                                                     ('res-벌크-001', 'A-1'), ('res-벌크-002', 'C-10'), ('res-벌크-003', 'D-5');

INSERT INTO `payment_details` (`id`, `reservation_id`, `bonus_policy_id`, `coupon_num`, `cost`, `create_at`, `use_point`, `status`) VALUES
                                                                                                                                        ('pay-벌크-001', 'res-벌크-001', 1, 'CPN-2603-001', 15000, '2026-03-24 10:05:00', 0, 'PAY'),
                                                                                                                                        ('pay-벌크-002', 'res-벌크-002', 2, NULL, 13000, '2026-03-30 15:05:00', 0, 'PAY');

INSERT INTO `point_history` (`payment_id`, `phone`, `type`, `amount_point`, `create_at`) VALUES
                                                                                             ('pay-벌크-001', '010-1000-0001', 'EARN', 450, '2026-03-24 10:05:00'),
                                                                                             ('pay-벌크-002', '010-1000-0020', 'EARN', 1300, '2026-03-30 15:05:00');